"nResp","nTask","nAlt","nFixed","nRand","numDraws","correlation","panel","rowX","numDraws","t_beta","t_V","t_exp","t_logit","t_panel","t_grad","t_full","partials_mb","t_fit_e2e"
100,8,3,2,3,50,FALSE,TRUE,1600,50,0,0,0,0,0,0.00400000000000045,0.00600000000000023,4.88456726074219,0.372000000000001
100,8,3,2,3,200,FALSE,TRUE,1600,200,0,0.000999999999999446,0.00199999999999978,0.00100000000000033,0.00100000000000122,0.0169999999999995,0.0220000000000002,19.5330047607422,0.944000000000001
